code,frequency,chapter
Z91.81,368,Factors influencing health
E78.5,283,Endocrine/Metabolic
M10.33,207,Musculoskeletal
E03.9,193,Endocrine/Metabolic
I13.0,187,Circulatory system
M17.00,174,Musculoskeletal
K21.9,173,Digestive system
I25.10,166,Circulatory system
Z55.6,161,Factors influencing health
N18.2,153,Genitourinary
I10,130,Circulatory system
E11.22,129,Endocrine/Metabolic
I70.0,126,Circulatory system
I50.32,125,Circulatory system
G30.1,121,Nervous system
M17.10,121,Musculoskeletal
Z79.82,117,Factors influencing health
M62.81,116,Musculoskeletal
G31.1,116,Nervous system
Z79.01,116,Factors influencing health
I67.9,113,Circulatory system
N18.31,110,Genitourinary
G89.29,110,Nervous system
Z79.899,102,Factors influencing health
M81.0,99,Musculoskeletal
Z99.3,96,Factors influencing health
M17.40,94,Musculoskeletal
G47.00,88,Nervous system
R26.81,88,Symptoms/Signs
J44.9,83,Respiratory system
Z99.81,83,Factors influencing health
G47.33,81,Nervous system
Z87.440,81,Factors influencing health
A12.50,79,Infectious diseases
B13.00,79,Infectious diseases
Z79.84,79,Factors influencing health
G62.9,78,Nervous system
E26.1,78,Endocrine/Metabolic
M17.20,75,Musculoskeletal
I12.9,75,Circulatory system
F32.A,74,Mental disorders
I13.10,73,Circulatory system
F41.1,73,Mental disorders
F41.9,73,Mental disorders
I73.9,71,Circulatory system
Z87.891,69,Factors influencing health
I48.0,68,Circulatory system
M19.90,68,Musculoskeletal
B20.0,67,Infectious diseases
B12,65,Infectious diseases
Z60.4,64,Factors influencing health
I27.20,64,Circulatory system
Z86.73,63,Factors influencing health
I87.2,62,Circulatory system
F33.1,62,Mental disorders
K59.00,59,Digestive system
M15.0,59,Musculoskeletal
E11.51,59,Endocrine/Metabolic
E78.2,58,Endocrine/Metabolic
R41.841,55,Symptoms/Signs
N40.0,55,Genitourinary
E55.9,55,Endocrine/Metabolic
N18.32,52,Genitourinary
N18.9,52,Genitourinary
R26.89,52,Symptoms/Signs
I48.91,51,Circulatory system
Z79.4,50,Factors influencing health
D63.1,50,Neoplasms/Blood diseases
G31.84,50,Nervous system
R29.6,49,Symptoms/Signs
Z46.6,49,Factors influencing health
I50.9,49,Circulatory system
J96.11,49,Respiratory system
E11.42,47,Endocrine/Metabolic
D68.69,47,Neoplasms/Blood diseases
M15.9,47,Musculoskeletal
Z79.891,44,Factors influencing health
R26.2,43,Symptoms/Signs
E11.9,43,Endocrine/Metabolic
N40.1,43,Genitourinary
Z79.51,42,Factors influencing health
N32.81,42,Genitourinary
E66.01,42,Endocrine/Metabolic
N39.0,41,Genitourinary
Z99.89,40,Factors influencing health
I89.0,40,Circulatory system
D07.00,40,Neoplasms/Blood diseases
Z79.2,39,Factors influencing health
F03.90,38,Mental disorders
E11.69,37,Endocrine/Metabolic
M54.50,36,Musculoskeletal
E11.65,36,Endocrine/Metabolic
M48.061,34,Musculoskeletal
I25.2,34,Circulatory system
Z86.718,34,Factors influencing health
H40.9,34,Eye/Ear
D50.9,34,Neoplasms/Blood diseases
Z74.1,34,Factors influencing health
G20.A1,33,Nervous system
D18.3,33,Neoplasms/Blood diseases
Z95.0,32,Factors influencing health
Z79.02,32,Factors influencing health
N17.9,31,Genitourinary
N18.1,31,Genitourinary
G89.4,31,Nervous system
N18.4,31,Genitourinary
Z87.01,30,Factors influencing health
E11.40,30,Endocrine/Metabolic
R53.1,30,Symptoms/Signs
I11.0,30,Circulatory system
G30.9,30,Nervous system
F02.B3,30,Mental disorders
Z74.09,29,Factors influencing health
E66.9,29,Endocrine/Metabolic
R73.03,29,Symptoms/Signs
F02.80,29,Mental disorders
W19.XXXD,29,External causes
O02,28,Pregnancy
D64.9,28,Neoplasms/Blood diseases
G25.81,28,Nervous system
H35.30,27,Eye/Ear
R13.10,27,Symptoms/Signs
R13.12,27,Symptoms/Signs
E44.0,27,Endocrine/Metabolic
G40.909,26,Nervous system
Z86.711,26,Factors influencing health
F33.9,26,Mental disorders
R27.8,25,Symptoms/Signs
F02.83,25,Mental disorders
Z45.2,25,Factors influencing health
F02.B11,25,Mental disorders
F33.41,25,Mental disorders
M17.0,25,Musculoskeletal
J43.9,25,Respiratory system
J96.01,24,Respiratory system
E46,24,Endocrine/Metabolic
M47.816,24,Musculoskeletal
R33.9,23,Symptoms/Signs
M79.7,23,Musculoskeletal
Z59.82,23,Factors influencing health
Z85.828,23,Factors influencing health
M11.00,22,Musculoskeletal
H91.90,22,Eye/Ear
Z90.49,22,Factors influencing health
G93.41,22,Nervous system
I50.22,22,Circulatory system
E43,22,Endocrine/Metabolic
M85.80,22,Musculoskeletal
M17.30,21,Musculoskeletal
M10.9,21,Musculoskeletal
Z85.3,21,Factors influencing health
I95.1,21,Circulatory system
E78.00,21,Endocrine/Metabolic
R33.8,21,Symptoms/Signs
G02.83,21,Nervous system
J30.9,21,Respiratory system
M06.9,21,Musculoskeletal
I50.30,21,Circulatory system
F32.9,20,Mental disorders
M20.20,20,Musculoskeletal
Z86.16,20,Factors influencing health
I42.9,20,Circulatory system
J30.2,20,Respiratory system
R32,20,Symptoms/Signs
K59.09,20,Digestive system
F01.B3,20,Mental disorders
Z96.641,19,Factors influencing health
J45.909,19,Respiratory system
F17.210,19,Mental disorders
F31.9,19,Mental disorders
Z79.52,19,Factors influencing health
N31.9,19,Genitourinary
Z96.652,19,Factors influencing health
Z79.1,19,Factors influencing health
R26.9,19,Symptoms/Signs
Z95.5,19,Factors influencing health
E44.1,18,Endocrine/Metabolic
N18.30,18,Genitourinary
I49.5,18,Circulatory system
Z90.710,18,Factors influencing health
F51.04,18,Mental disorders
M54.2,18,Musculoskeletal
G43.909,18,Nervous system
F02.B4,18,Mental disorders
M11.00B,18,Musculoskeletal
E53.8,18,Endocrine/Metabolic
Z85.46,18,Factors influencing health
I69.354,18,Circulatory system
D05.8,18,Neoplasms/Blood diseases
C05.1,17,Neoplasms
Z95.1,17,Factors influencing health
G20.C,17,Nervous system
R53.81,16,Symptoms/Signs
F33.0,16,Mental disorders
E87.6,16,Endocrine/Metabolic
K57.90,16,Digestive system
E87.1,16,Endocrine/Metabolic
Z79.85,16,Factors influencing health
Z48.00,16,Factors influencing health
L03.115,16,Skin diseases
I11.9,16,Circulatory system
F01.B4,15,Mental disorders
A41.9,15,Infectious diseases
J44.89,15,Respiratory system
I50.33,15,Circulatory system
I69.351,15,Circulatory system
F02.B18,15,Mental disorders
K58.9,15,Digestive system
H91.93,15,Eye/Ear
G25.0,15,Nervous system
Z96.642,15,Factors influencing health
M41.9,15,Musculoskeletal
M17.45,15,Musculoskeletal
R62.7,14,Symptoms/Signs
G20.B1,14,Nervous system
M17.11,14,Musculoskeletal
K76.0,14,Digestive system
F11.20,14,Mental disorders
H90.3,14,Eye/Ear
B46.0,14,Infectious diseases
F17.200,14,Mental disorders
M17.30A,14,Musculoskeletal
M17.30B,14,Musculoskeletal
F01.50,13,Mental disorders
E04.1,13,Endocrine/Metabolic
Z98.1,13,Factors influencing health
F43.10,13,Mental disorders
F02.A4,13,Mental disorders
I95.9,13,Circulatory system
M48.02,13,Musculoskeletal
L03.116,13,Skin diseases
Z96.651,13,Factors influencing health
Q10,12,Congenital malformations
F02.84,12,Mental disorders
F02.A3,12,Mental disorders
Z47.1,12,Factors influencing health
G31.83,12,Nervous system
M25.561,12,Musculoskeletal
E11.621,12,Endocrine/Metabolic
M11.00C,12,Musculoskeletal
M54.12,12,Musculoskeletal
I69.320,12,Circulatory system
H54.7,12,Eye/Ear
F32.1,12,Mental disorders
B45.6,11,Infectious diseases
G20.B2,11,Nervous system
J43.2,11,Respiratory system
Z68.41,11,Factors influencing health
F03.94,11,Mental disorders
H14,11,Eye/Ear
K57.30,11,Digestive system
F51.01,11,Mental disorders
I48.21,11,Circulatory system
I69.318,11,Circulatory system
M51.369,11,Musculoskeletal
Z96.653,11,Factors influencing health
G47.30,11,Nervous system
J44.1,10,Respiratory system
K44.9,10,Digestive system
F03.93,10,Mental disorders
B96.20,10,Infectious diseases
F02.B0,10,Mental disorders
B35.2,10,Infectious diseases
J84.10,10,Respiratory system
M50.30,10,Musculoskeletal
G60.9,10,Nervous system
M11.00A,10,Musculoskeletal
D69.6,10,Neoplasms/Blood diseases
F02.C3,10,Mental disorders
R41.89,10,Symptoms/Signs
M47.812,10,Musculoskeletal
F10.21,10,Mental disorders
G93.40,10,Nervous system
S81.812D,10,Injury
M86.172,9,Musculoskeletal
R91.1,9,Symptoms/Signs
J96.21,9,Respiratory system
F02.B2,9,Mental disorders
I34.0,9,Circulatory system
M54.16,9,Musculoskeletal
N13.8,9,Genitourinary
M10.30,9,Musculoskeletal
Z87.820,9,Factors influencing health
R60.0,9,Symptoms/Signs
F02.A0,9,Mental disorders
L89.322,9,Skin diseases
I48.92,9,Circulatory system
M20,9,Musculoskeletal
J96.10,9,Respiratory system
I50.42,9,Circulatory system
Z85.038,9,Factors influencing health
M17.12,9,Musculoskeletal
L89.312,9,Skin diseases
G80.9,8,Nervous system
Z87.81,8,Factors influencing health
B30.5,8,Infectious diseases
Z43.5,8,Factors influencing health
F02.818,8,Mental disorders
F01.B11,8,Mental disorders
N18.6,8,Genitourinary
R27.9,8,Symptoms/Signs
H54.8,8,Eye/Ear
Z74.01,8,Factors influencing health
F01.518,8,Mental disorders
Z95.828,8,Factors influencing health
F03.918,8,Mental disorders
F01.A3,8,Mental disorders
J18.9,8,Respiratory system
Z93.1,8,Factors influencing health
J45.40,8,Respiratory system
M54.9,8,Musculoskeletal
I69.391,8,Circulatory system
F02.811,8,Mental disorders
F33.42,8,Mental disorders
I35.0,8,Circulatory system
F01.A2,8,Mental disorders
S81.811D,8,Injury
Z90.89,8,Factors influencing health
F01.C11,8,Mental disorders
F20.9,7,Mental disorders
K59.03,7,Digestive system
I63.9,7,Circulatory system
M51.9,7,Musculoskeletal
J45.20,7,Respiratory system
B77,7,Infectious diseases
K21.00,7,Digestive system
G81.94,7,Nervous system
D62,7,Neoplasms/Blood diseases
J84.9,7,Respiratory system
F10.10,7,Mental disorders
M19.011,7,Musculoskeletal
B32.6,7,Infectious diseases
R48.8,7,Symptoms/Signs
R35.0,7,Symptoms/Signs
Z93.3,7,Factors influencing health
K58.0,7,Digestive system
I48.20,7,Circulatory system
M86.171,7,Musculoskeletal
X10,7,External causes
R78.81,7,Symptoms/Signs
L97.821,7,Skin diseases
L97.811,7,Skin diseases
M62.562,7,Musculoskeletal
M21.02F,7,Musculoskeletal
M35.00,7,Musculoskeletal
M62.552,7,Musculoskeletal
M62.561,7,Musculoskeletal
Z87.442,7,Factors influencing health
Z86.19,7,Factors influencing health
G82.50,7,Nervous system
Z79.83,7,Factors influencing health
K59.01,7,Digestive system
M62.551,7,Musculoskeletal
F13.20,7,Mental disorders
T12,7,Injury/Poisoning
M19.09,7,Musculoskeletal
M21.02,7,Musculoskeletal
F02.C4,7,Mental disorders
M17.9,7,Musculoskeletal
G82.20,7,Nervous system
I27.81,7,Circulatory system
E66.811,7,Endocrine/Metabolic
F10.20,7,Mental disorders
K52.9,7,Digestive system
F39,7,Mental disorders
D53.9,7,Neoplasms/Blood diseases
R63.4,7,Symptoms/Signs
H90.5,7,Eye/Ear
M10.00,7,Musculoskeletal
M10.22,7,Musculoskeletal
M10.24,7,Musculoskeletal
T11,7,Injury/Poisoning
I44.7,6,Circulatory system
Z51.A,6,Factors influencing health
Z96.1,6,Factors influencing health
K74.60,6,Digestive system
M54.6,6,Musculoskeletal
L57.0,6,Skin diseases
R42,6,Symptoms/Signs
Z68.34,6,Factors influencing health
Z68.33,6,Factors influencing health
F01.B0,6,Mental disorders
G35,6,Nervous system
M62.838,6,Musculoskeletal
H04.123,6,Eye/Ear
Z89.511,6,Factors influencing health
I25.119,6,Circulatory system
Z74.2,6,Factors influencing health
F32.0,6,Mental disorders
L89.152,6,Skin diseases
M00.60,6,Musculoskeletal
M00.10,6,Musculoskeletal
M10.21,6,Musculoskeletal
M10.23,6,Musculoskeletal
M54.40,6,Musculoskeletal
B96.5,6,Infectious diseases
I48.19,6,Circulatory system
M00.40,6,Musculoskeletal
M00.50,6,Musculoskeletal
M00.30,6,Musculoskeletal
Z99.2,6,Factors influencing health
M00.69,6,Musculoskeletal
M00.66,6,Musculoskeletal
M54.59,6,Musculoskeletal
C59.0,6,Neoplasms
K22.70,6,Digestive system
F43.21,6,Mental disorders
Z79.890,6,Factors influencing health
M16.11,6,Musculoskeletal
H53.2,6,Eye/Ear
Z95.810,6,Factors influencing health
E83.42,6,Endocrine/Metabolic
K59.04,6,Digestive system
M25.551,6,Musculoskeletal
N39.498,6,Genitourinary
N39.41,6,Genitourinary
F01.C18,6,Mental disorders
K58.1,6,Digestive system
N39.3,6,Genitourinary
I08.0,6,Circulatory system
M19.012,6,Musculoskeletal
M00.18,6,Musculoskeletal
Z98.41,6,Factors influencing health
Z98.42,6,Factors influencing health
M62.59,6,Musculoskeletal
F02.A18,6,Mental disorders
F01.B18,6,Mental disorders
M51.26,6,Musculoskeletal
M25.552,6,Musculoskeletal
M25.562,5,Musculoskeletal
M18.60,5,Musculoskeletal
F03.911,5,Mental disorders
G30.0,5,Nervous system
J42,5,Respiratory system
Z93.0,5,Factors influencing health
F02.C18,5,Mental disorders
R00.1,5,Symptoms/Signs
D84.81,5,Neoplasms/Blood diseases
I67.2,5,Circulatory system
M21.10,5,Musculoskeletal
Z85.820,5,Factors influencing health
I49.9,5,Circulatory system
R54,5,Symptoms/Signs
H35.3190,5,Eye/Ear
C61,5,Neoplasms
J31.0,5,Respiratory system
I45.10,5,Circulatory system
R56.9,5,Symptoms/Signs
I82.402,5,Circulatory system
F01.54,5,Mental disorders
H54.3,5,Eye/Ear
Z96.643,5,Factors influencing health
G47.01,5,Nervous system
Z98.2,5,Factors influencing health
F02.A11,5,Mental disorders
Z68.37,5,Factors influencing health
F01.B2,5,Mental disorders
I77.810,5,Circulatory system
J44.0,5,Respiratory system
G35.D,5,Nervous system
F01.A4,5,Mental disorders
N30.00,5,Genitourinary
L30.9,5,Skin diseases
Z51.81,5,Factors influencing health
F01.53,5,Mental disorders
M54.51,5,Musculoskeletal
N18.5,5,Genitourinary
A41.51,5,Infectious diseases
I26.99,5,Circulatory system
B45.7,5,Infectious diseases
M21.372,5,Musculoskeletal
Z60.2,5,Factors influencing health
M48.00,5,Musculoskeletal
R47.01,5,Symptoms/Signs
Z68.38,5,Factors influencing health
E11.319,5,Endocrine/Metabolic
L89.323,5,Skin diseases
I08.1,5,Circulatory system
M14.00,5,Musculoskeletal
Z96.0,5,Factors influencing health
I70.209,5,Circulatory system
F41.8,5,Mental disorders
R05.3,5,Symptoms/Signs
K58.2,4,Digestive system
N39.46,4,Genitourinary
G58.9,4,Nervous system
G47.34,4,Nervous system
Z68.30,4,Factors influencing health
Z43.3,4,Factors influencing health
F02.C11,4,Mental disorders
G47.9,4,Nervous system
E66.813,4,Endocrine/Metabolic
R13.19,4,Symptoms/Signs
C90.00,4,Neoplasms
L01.01,4,Skin diseases
R11.2,4,Symptoms/Signs
G31.2,4,Nervous system
Z91.138,4,Factors influencing health
H25.9,4,Eye/Ear
I44.0,4,Circulatory system
Z68.36,4,Factors influencing health
M25.511,4,Musculoskeletal
J43.1,4,Respiratory system
G20.A2,4,Nervous system
Z85.118,4,Factors influencing health
N32.0,4,Genitourinary
E87.20,4,Endocrine/Metabolic
C56.5,4,Neoplasms
S72.001D,4,Injury
H81.09,4,Eye/Ear
G61.81,4,Nervous system
W19.XXXA,4,External causes
M81.8,4,Musculoskeletal
D45,4,Neoplasms/Blood diseases
F10.90,4,Mental disorders
I83.93,4,Circulatory system
F03.A4,4,Mental disorders
L89.612,4,Skin diseases
I65.02,4,Circulatory system
E89.0,4,Endocrine/Metabolic
I07.1,4,Circulatory system
C13.10B,4,Neoplasms
C13.10A,4,Neoplasms
K70.30,4,Digestive system
C13.10C,4,Neoplasms
L97.812,4,Skin diseases
M54.42,4,Musculoskeletal
Z48.812,4,Factors influencing health
S81.812,4,Injury
B16.0,4,Infectious diseases
S81.801,4,Injury
Z48.01,4,Factors influencing health
I34.1,4,Circulatory system
M62.82,4,Musculoskeletal
M16.12,4,Musculoskeletal
S51.812D,4,Injury
M47,4,Musculoskeletal
H61.23,4,Eye/Ear
M47.896,4,Musculoskeletal
I70.202,4,Circulatory system
M62.830,4,Musculoskeletal
D22.3,4,Neoplasms/Blood diseases
I69.352,4,Circulatory system
Z85.42,4,Factors influencing health
J30.89,4,Respiratory system
Z68.43,4,Factors influencing health
H25.813,4,Eye/Ear
M19.041,4,Musculoskeletal
D84.821,4,Neoplasms/Blood diseases
D01.60,4,Neoplasms/Blood diseases
D01.50,4,Neoplasms/Blood diseases
C13.10D,4,Neoplasms
L98.9,4,Skin diseases
C04.00A,4,Neoplasms
C04.00C,4,Neoplasms
C03.00B,4,Neoplasms
C04.00B,4,Neoplasms
C02.00,4,Neoplasms
C01.00,4,Neoplasms
C05.00,4,Neoplasms
B95.62,4,Infectious diseases
Z48.817,4,Factors influencing health
C03.00A,4,Neoplasms
C03.00C,4,Neoplasms
L97.529,4,Skin diseases
M13.0,4,Musculoskeletal
M79.2,4,Musculoskeletal
I87.313,4,Circulatory system
E66.3,4,Endocrine/Metabolic
E27.40,4,Endocrine/Metabolic
B96.89,4,Infectious diseases
N20.0,4,Genitourinary
T10,4,Injury/Poisoning
D50.0,4,Neoplasms/Blood diseases
I50.20,4,Circulatory system
M51.16,4,Musculoskeletal
I65.23,4,Circulatory system
Z51.5,4,Factors influencing health
X15,4,External causes
G91.2,4,Nervous system
F01.A0,4,Mental disorders
K92.1,3,Digestive system
L89.153,3,Skin diseases
M43.16,3,Musculoskeletal
M00.63,3,Musculoskeletal
E06.3,3,Endocrine/Metabolic
K50.90,3,Digestive system
F01.C3,3,Mental disorders
C91.10,3,Neoplasms
F33.40,3,Mental disorders
H54.414A,3,Eye/Ear
E86.0,3,Endocrine/Metabolic
I70.8,3,Circulatory system
R23.8,3,Symptoms/Signs
M86.9,3,Musculoskeletal
F17.201,3,Mental disorders
M25.519,3,Musculoskeletal
G45.9,3,Nervous system
I69.311,3,Circulatory system
C24.7,3,Neoplasms
J32.9,3,Respiratory system
M51.360,3,Musculoskeletal
I69.398,3,Circulatory system
F33.2,3,Mental disorders
E11.8,3,Endocrine/Metabolic
K86.1,3,Digestive system
R41.3,3,Symptoms/Signs
J98.11,3,Respiratory system
L89.892,3,Skin diseases
M54.41,3,Musculoskeletal
I47.10,3,Circulatory system
M00.65,3,Musculoskeletal
M01.04,3,Musculoskeletal
K86.89,3,Digestive system
L40.9,3,Skin diseases
Z68.32,3,Factors influencing health
B35.1,3,Infectious diseases
I34.9,3,Circulatory system
G50.0,3,Nervous system
Z68.28,3,Factors influencing health
M19.042,3,Musculoskeletal
G47,3,Nervous system
F90.9,3,Mental disorders
G31.9,3,Nervous system
Z68.31,3,Factors influencing health
T20.25,3,Injury/Poisoning
I05.9,3,Circulatory system
R35.1,3,Symptoms/Signs
G92.8,3,Nervous system
G47.09,3,Nervous system
I12.0,3,Circulatory system
Z85.43,3,Factors influencing health
M25.512,3,Musculoskeletal
P47,3,Perinatal conditions
D77,3,Neoplasms/Blood diseases
Q60.D,3,Congenital malformations
K51.90,3,Digestive system
S22.42XD,3,Injury
S32.402D,3,Injury
K80.50,3,Digestive system
L89.321,3,Skin diseases
L89.311,3,Skin diseases
K43.9,3,Digestive system
M47.26,3,Musculoskeletal
C20.0,3,Neoplasms
S22.32XD,3,Injury
L97.822,3,Skin diseases
E78.49,3,Endocrine/Metabolic
I42.8,3,Circulatory system
R19.7,3,Symptoms/Signs
R39.12,3,Symptoms/Signs
B19.20,3,Infectious diseases
N10,3,Genitourinary
K70.31,3,Digestive system
L29.9,3,Skin diseases
B96.1,3,Infectious diseases
J96.12,3,Respiratory system
K21,3,Digestive system
F03.B3,3,Mental disorders
R41.81,3,Symptoms/Signs
A04.72,3,Infectious diseases
I45.2,3,Circulatory system
N31.2,3,Genitourinary
E87.70,3,Endocrine/Metabolic
F43.20,3,Mental disorders
G23.1,3,Nervous system
N32.89,3,Genitourinary
K59.2,3,Digestive system
J96.22,3,Respiratory system
D67,3,Neoplasms/Blood diseases
Z79.620,3,Factors influencing health
M45,3,Musculoskeletal
D76,3,Neoplasms/Blood diseases
B56,3,Infectious diseases
A44,3,Infectious diseases
I25.5,3,Circulatory system
G90.09,3,Nervous system
M19.019,3,Musculoskeletal
E66.2,3,Endocrine/Metabolic
B02.29,3,Infectious diseases
H20,3,Eye/Ear
I77.819,3,Circulatory system
I69.322,3,Circulatory system
F03.A3,3,Mental disorders
H35.3120,3,Eye/Ear
I69.30,3,Circulatory system
I35.9,3,Circulatory system
L97.212,3,Skin diseases
R00.0,3,Symptoms/Signs
H26.9,3,Eye/Ear
L97.511,3,Skin diseases
E53.9,3,Endocrine/Metabolic
S91.002D,3,Injury
B45.3,3,Infectious diseases
F02.82,3,Mental disorders
Z68.42,3,Factors influencing health
S06.5XAD,3,Injury
Z85.05,3,Factors influencing health
Z86.0101,3,Factors influencing health
Z79,3,Factors influencing health
M16.0,3,Musculoskeletal
Z89.421,3,Factors influencing health
E28.2,3,Endocrine/Metabolic
B21.CA,3,Infectious diseases
A12.8,3,Infectious diseases
F27,3,Mental disorders
A23.7,3,Infectious diseases
G55,3,Nervous system
M62.521,3,Musculoskeletal
I49.1,3,Circulatory system
E10.22,3,Endocrine/Metabolic
E11.610,3,Endocrine/Metabolic
N17.8,3,Genitourinary
G47.31,3,Nervous system
I25.118,3,Circulatory system
A31,3,Infectious diseases
M48.062,3,Musculoskeletal
L97.829,3,Skin diseases
M62.50,3,Musculoskeletal
H90.6,3,Eye/Ear
M54.17,3,Musculoskeletal
L97.522,3,Skin diseases
L29.89,3,Skin diseases
S81.801D,3,Injury
B96.4,3,Infectious diseases
G99.2,3,Nervous system
T83.510D,3,Injury/Poisoning
S32.010D,3,Injury
E22.2,3,Endocrine/Metabolic
Q24,3,Congenital malformations
F42.9,3,Mental disorders
D69.2,3,Neoplasms/Blood diseases
H35.3290,3,Eye/Ear
K80.20,3,Digestive system
I71.40,3,Circulatory system
R53.2,3,Symptoms/Signs
G60.0,3,Nervous system
B45.9,3,Infectious diseases
B46.2,3,Infectious diseases
B27.5,3,Infectious diseases
Z98.84,3,Factors influencing health
C85.90,3,Neoplasms
M62.84,3,Musculoskeletal
G89.18,3,Nervous system
Z95.2,3,Factors influencing health
D68.9,3,Neoplasms/Blood diseases
S61.412D,3,Injury
S82.142D,3,Injury
I65.29,3,Circulatory system
G91.9,3,Nervous system
M51.379,3,Musculoskeletal
H81.10,3,Eye/Ear
G31.09,3,Nervous system
K31.84,3,Digestive system
M54.31,3,Musculoskeletal
E10.65,3,Endocrine/Metabolic
E66.812,3,Endocrine/Metabolic
R13.11,3,Symptoms/Signs
I71.21,2,Circulatory system
S05.12XD,2,Injury
M32.9,2,Musculoskeletal
Z88.2,2,Factors influencing health
Z87.828,2,Factors influencing health
S80.811D,2,Injury
Q03.9,2,Congenital malformations
Z72.0,2,Factors influencing health
K22.2,2,Digestive system
G89.11,2,Nervous system
C62.2,2,Neoplasms
Z88.1,2,Factors influencing health
Z86.79,2,Factors influencing health
A08.11,2,Infectious diseases
F05,2,Mental disorders
C62.1,2,Neoplasms
F10.11,2,Mental disorders
Z85.41,2,Factors influencing health
D51.9,2,Neoplasms/Blood diseases
S72.002D,2,Injury
S06.350D,2,Injury
F01.C4,2,Mental disorders
L20.9,2,Skin diseases
Z68.23,2,Factors influencing health
T14.8XXD,2,Injury/Poisoning
E03.8,2,Endocrine/Metabolic
E04.9,2,Endocrine/Metabolic
S06.890D,2,Injury
Z68.39,2,Factors influencing health
M43.22,2,Musculoskeletal
S81.012S,2,Injury
J09.X9,2,Respiratory system
S32.511S,2,Injury
Z86.0100,2,Factors influencing health
G70.00,2,Nervous system
T83.511A,2,Injury/Poisoning
I82.512,2,Circulatory system
S32.82XD,2,Injury
M62.522,2,Musculoskeletal
E61.2,2,Endocrine/Metabolic
J41.0,2,Respiratory system
F51.05,2,Mental disorders
R07.81,2,Symptoms/Signs
S51.811D,2,Injury
L89.626,2,Skin diseases
S32.431D,2,Injury
C44.92,2,Neoplasms
M54.81,2,Musculoskeletal
Z46.82,2,Factors influencing health
Z96.82,2,Factors influencing health
H04.129,2,Eye/Ear
E05.80,2,Endocrine/Metabolic
Z48.3,2,Factors influencing health
M41.25,2,Musculoskeletal
I13.2,2,Circulatory system
M79.9,2,Musculoskeletal
R39.11,2,Symptoms/Signs
K90.49,2,Digestive system
L97.512,2,Skin diseases
L21.9,2,Skin diseases
Q65.1,2,Congenital malformations
K83.1,2,Digestive system
F07.3415,2,Mental disorders
F31.2,2,Mental disorders
Q58.7957,2,Congenital malformations
Q66.89,2,Congenital malformations
G40.209,2,Nervous system
Q76.0,2,Congenital malformations
M47.27,2,Musculoskeletal
G30,2,Nervous system
J38.00,2,Respiratory system
Z99.11,2,Factors influencing health
L30.8,2,Skin diseases
E04.2,2,Endocrine/Metabolic
F10.27,2,Mental disorders
N81.10,2,Genitourinary
Z68.44,2,Factors influencing health
E11.43,2,Endocrine/Metabolic
E51.2,2,Endocrine/Metabolic
S09.90XD,2,Injury
K40.90,2,Digestive system
I27.29,2,Circulatory system
Y15.2700,2,External causes
T84.296D,2,Injury/Poisoning
T40.2X5D,2,Injury/Poisoning
F17.211,2,Mental disorders
J98.4,2,Respiratory system
M79.89,2,Musculoskeletal
M89.49,2,Musculoskeletal
L84,2,Skin diseases
G72.89,2,Nervous system
S22.41XD,2,Injury
G90.3,2,Nervous system
R06.81,2,Symptoms/Signs
Z94.0,2,Factors influencing health
F02.C0,2,Mental disorders
Z87.19,2,Factors influencing health
Z96.612,2,Factors influencing health
Z78.9,2,Factors influencing health
G54.6,2,Nervous system
E05.90,2,Endocrine/Metabolic
S41.112D,2,Injury
G72.81,2,Nervous system
G40.309,2,Nervous system
G25.2,2,Nervous system
F43.22,2,Mental disorders
N25.81,2,Genitourinary
H53.9,2,Eye/Ear
I49.8,2,Circulatory system
M70.41,2,Musculoskeletal
S32.19XD,2,Injury
I44.1,2,Circulatory system
Z89.512,2,Factors influencing health
I21.4,2,Circulatory system
R41.82,2,Symptoms/Signs
I87.8,2,Circulatory system
Z96.611,2,Factors influencing health
G43.009,2,Nervous system
R39.14,2,Symptoms/Signs
I08.3,2,Circulatory system
L40.50,2,Skin diseases
E83.51,2,Endocrine/Metabolic
F01.A18,2,Mental disorders
Z86.018,2,Factors influencing health
I51.7,2,Circulatory system
S72.92XS,2,Injury
M19.92,2,Musculoskeletal
Y72.3995,2,External causes
S72.141D,2,Injury
R49.9,2,Symptoms/Signs
M79.604,2,Musculoskeletal
R65.21,2,Symptoms/Signs
Z71.89,2,Factors influencing health
L02.211,2,Skin diseases
B96,2,Infectious diseases
Z96.619,2,Factors influencing health
F41.0,2,Mental disorders
T83.590,2,Injury/Poisoning
K68.19,2,Digestive system
L97.516,2,Skin diseases
O11,2,Pregnancy
M00.832,2,Musculoskeletal
B37.7,2,Infectious diseases
Q12.H,2,Congenital malformations
R25.1,2,Symptoms/Signs
V89.2XXD,2,External causes
M67.912,2,Musculoskeletal
G47.20,2,Nervous system
Z96.659,2,Factors influencing health
F41,2,Mental disorders
Z45,2,Factors influencing health
C79.51,2,Neoplasms
G43.809,2,Nervous system
G31,2,Nervous system
L97.518,2,Skin diseases
Z16.12,2,Factors influencing health
M47.817,2,Musculoskeletal
I50.31,2,Circulatory system
E88.810,2,Endocrine/Metabolic
G57.50,2,Nervous system
G43.709,2,Nervous system
M86.472,2,Musculoskeletal
M86.072,2,Musculoskeletal
L97.424,2,Skin diseases
Z46.89,2,Factors influencing health
L89.154,2,Skin diseases
B37.9,2,Infectious diseases
L03.311,2,Skin diseases
Q24.H,2,Congenital malformations
I42.2,2,Circulatory system
H53.8,2,Eye/Ear
M43.17,2,Musculoskeletal
I82.501,2,Circulatory system
Z87,2,Factors influencing health
R60.9,2,Symptoms/Signs
L89.896,2,Skin diseases
A77,2,Infectious diseases
K67.8,2,Digestive system
J96.F,2,Respiratory system
F78.5H,2,Mental disorders
S78.5H,2,Injury
M75,2,Musculoskeletal
H96,2,Eye/Ear
I42.0,2,Circulatory system
N81.4,2,Genitourinary
M54.32,2,Musculoskeletal
N63.10,2,Genitourinary
M24.451,2,Musculoskeletal
M47.9,2,Musculoskeletal
E03,2,Endocrine/Metabolic
I71.9,2,Circulatory system
M15.3,2,Musculoskeletal
W18.30XD,2,External causes
D35.1,2,Neoplasms/Blood diseases
Z66,2,Factors influencing health
X25.0,2,External causes
S41.111D,2,Injury
D72.829,2,Neoplasms/Blood diseases
R41.3369,2,Symptoms/Signs
A41.81,2,Infectious diseases
L85.9,2,Skin diseases
Z91.148,2,Factors influencing health
Z89.429,2,Factors influencing health
G52.9,2,Nervous system
E11.341,2,Endocrine/Metabolic
H35.033,2,Eye/Ear
W19.XXX,2,External causes
L97.819,2,Skin diseases
Z90,2,Factors influencing health
E11.628,2,Endocrine/Metabolic
N76.4,2,Genitourinary
M72.6,2,Musculoskeletal
N49.3,2,Genitourinary
L92.3,2,Skin diseases
W01.0XX,2,External causes
S92.415,2,Injury
Z85.21,2,Factors influencing health
T84.53XA,2,Injury/Poisoning
X08,2,External causes
M85.862,2,Musculoskeletal
T81.31XD,2,Injury/Poisoning
Q12.HR,2,Congenital malformations
I69.310,2,Circulatory system
I25.810,2,Circulatory system
X10.FT,2,External causes
Z85.51,2,Factors influencing health
K64.9,2,Digestive system
I70.245,2,Circulatory system
L97.519,2,Skin diseases
G00.D,2,Nervous system
G61.0,2,Nervous system
Z85.810,2,Factors influencing health
I35.8,2,Circulatory system
F32,2,Mental disorders
I35.1,2,Circulatory system
M10.09,2,Musculoskeletal
Z90.711,2,Factors influencing health
N13.9,2,Genitourinary
S51.801D,2,Injury
B95.2,2,Infectious diseases
N13.6,2,Genitourinary
T83.510A,2,Injury/Poisoning
F43.23,2,Mental disorders
M21.371,2,Musculoskeletal
K56.7,2,Digestive system
I83.012,2,Circulatory system
E21.0,2,Endocrine/Metabolic
M85.89,2,Musculoskeletal
E13.8,2,Endocrine/Metabolic
M96.1,2,Musculoskeletal
M25.612,2,Musculoskeletal
F01.C2,2,Mental disorders
T50,2,Injury/Poisoning
R30.0,2,Symptoms/Signs
K10.5,2,Digestive system
E78.1,2,Endocrine/Metabolic
I51.9,2,Circulatory system
M79.671,2,Musculoskeletal
R65.20,2,Symptoms/Signs
B95.61,2,Infectious diseases
S91.001D,2,Injury
K27.9,2,Digestive system
I69.951,2,Circulatory system
G81.91,2,Nervous system
L97.211,2,Skin diseases
R39.81,2,Symptoms/Signs
Z85.850,2,Factors influencing health
I83.90,2,Circulatory system
K31.819,2,Digestive system
S91.101D,2,Injury
J15.9,2,Respiratory system
J87.6134,2,Respiratory system
Z74.9,2,Factors influencing health
J20.9,2,Respiratory system
L03.119,2,Skin diseases
T81.40X,2,Injury/Poisoning
I50.41,2,Circulatory system
L89.313,2,Skin diseases
L89.613,2,Skin diseases
I50.23,2,Circulatory system
S32.512D,2,Injury
D50.8,2,Neoplasms/Blood diseases
F03.B18,2,Mental disorders
K77.4,2,Digestive system
H78,2,Eye/Ear
G96,2,Nervous system
S51.011D,2,Injury
I50.21,2,Circulatory system
L98.491,2,Skin diseases
G35.C0,2,Nervous system
H40,2,Eye/Ear
R68,2,Symptoms/Signs
E07,2,Endocrine/Metabolic
N20.1,2,Genitourinary
Z96.649,2,Factors influencing health
B56.5,2,Infectious diseases
B67,2,Infectious diseases
A49.1,2,Infectious diseases
G82.52,2,Nervous system
Z87.2,2,Factors influencing health
D68.59,2,Neoplasms/Blood diseases
R91.8,2,Symptoms/Signs
M11.OOC,2,Musculoskeletal
L97.229,2,Skin diseases
I70.242,2,Circulatory system
T14.91XS,2,Injury/Poisoning
K56.6,2,Digestive system
F56.C,2,Mental disorders
L89.623,2,Skin diseases
Z95.818,2,Factors influencing health
H51.8,2,Eye/Ear
I69.312,2,Circulatory system
M47.12,2,Musculoskeletal
K22.719,2,Digestive system
Z93.2,2,Factors influencing health
Z48.816,2,Factors influencing health
Z48.815,2,Factors influencing health
Z91.198,2,Factors influencing health
R06.02,2,Symptoms/Signs
H55,1,Eye/Ear
I69.828,1,Circulatory system
Z56,1,Factors influencing health
J45,1,Respiratory system
Y76.M,1,External causes
A76,1,Infectious diseases
C55.B5,1,Neoplasms
C76,1,Neoplasms
G68,1,Nervous system
M77,1,Musculoskeletal
L81.7,1,Skin diseases
I62.03,1,Circulatory system
H91.8X3,1,Eye/Ear
N21.0,1,Genitourinary
A41.02,1,Infectious diseases
I05.0,1,Circulatory system
H53.451,1,Eye/Ear
I69.314,1,Circulatory system
Y10.7205,1,External causes
S82.202D,1,Injury
L89.620,1,Skin diseases
L89.890,1,Skin diseases
M79.642,1,Musculoskeletal
C34.11,1,Neoplasms
K51.50,1,Digestive system
G47.36,1,Nervous system
H61.21,1,Eye/Ear
S01.01XD,1,Injury
G24.9,1,Nervous system
G56.00,1,Nervous system
M43.6,1,Musculoskeletal
M46.20,1,Musculoskeletal
L89.134,1,Skin diseases
L48.2,1,Skin diseases
S72.8X1D,1,Injury
T81.49XD,1,Injury/Poisoning
D22.9,1,Neoplasms/Blood diseases
G62.0,1,Nervous system
G89.3,1,Nervous system
E64.9,1,Endocrine/Metabolic
L24.A0,1,Skin diseases
L89.151,1,Skin diseases
S81.012D,1,Injury
E26.7786,1,Endocrine/Metabolic
I75.023,1,Circulatory system
C93.10,1,Neoplasms
M70.71,1,Musculoskeletal
S85.012D,1,Injury
S85.011D,1,Injury
M84.48XD,1,Musculoskeletal
H92.01,1,Eye/Ear
E11.3,1,Endocrine/Metabolic
G12.23,1,Nervous system
R65.10,1,Symptoms/Signs
K64.4,1,Digestive system
N63.15,1,Genitourinary
S21.012D,1,Injury
S01.412D,1,Injury
S01.312D,1,Injury
M50.33,1,Musculoskeletal
M48.03,1,Musculoskeletal
H35.3210,1,Eye/Ear
G72.41,1,Nervous system
S91.311D,1,Injury
Z85.01,1,Factors influencing health
M85.88,1,Musculoskeletal
C44.311,1,Neoplasms
J45.21,1,Respiratory system
R73.9,1,Symptoms/Signs
I47.9,1,Circulatory system
D72.828,1,Neoplasms/Blood diseases
I95.2,1,Circulatory system
R07.0,1,Symptoms/Signs
N43.3,1,Genitourinary
N94.6,1,Genitourinary
M11.008,1,Musculoskeletal
K40.20,1,Digestive system
T48.91,1,Injury/Poisoning
T69.351,1,Injury/Poisoning
M31.6,1,Musculoskeletal
E29.1,1,Endocrine/Metabolic
S32.009S,1,Injury
E87.21,1,Endocrine/Metabolic
M47.815,1,Musculoskeletal
J18.8,1,Respiratory system
Z85.54,1,Factors influencing health
T84.021D,1,Injury/Poisoning
B37.2,1,Infectious diseases
F42.3,1,Mental disorders
E10.42,1,Endocrine/Metabolic
N25.9,1,Genitourinary
G95.0,1,Nervous system
I09.9,1,Circulatory system
G44.89,1,Nervous system
E03.4,1,Endocrine/Metabolic
S30.0XXD,1,Injury
S76.211D,1,Injury
S76.011D,1,Injury
E83.119,1,Endocrine/Metabolic
C76.42,1,Neoplasms
Z86.39,1,Factors influencing health
Z85.07,1,Factors influencing health
C25.9,1,Neoplasms
L03.031,1,Skin diseases
I72.0,1,Circulatory system
H54.414,1,Eye/Ear
T21,1,Injury/Poisoning
F03.C4,1,Mental disorders
Z88.8,1,Factors influencing health
Z88.0,1,Factors influencing health
K75.81,1,Digestive system
K76.82,1,Digestive system
L89.320,1,Skin diseases
Q30,1,Congenital malformations
M43.06,1,Musculoskeletal
G95.9,1,Nervous system
S91.104D,1,Injury
I69.392,1,Circulatory system
M46.96,1,Musculoskeletal
M47.22,1,Musculoskeletal
M25.622,1,Musculoskeletal
C20.A1,1,Neoplasms
D32.9,1,Neoplasms/Blood diseases
I70.203,1,Circulatory system
Z22.7,1,Factors influencing health
I82.401,1,Circulatory system
K64.8,1,Digestive system
K62.5,1,Digestive system
Z68.35,1,Factors influencing health
B02.9,1,Infectious diseases
M41.126,1,Musculoskeletal
M51.361,1,Musculoskeletal
S01.80XD,1,Injury
F03.92,1,Mental disorders
L08.9,1,Skin diseases
F33.3,1,Mental disorders
F03.A18,1,Mental disorders
F03.A2,1,Mental disorders
F03.A11,1,Mental disorders
Z86.12,1,Factors influencing health
I33.0,1,Circulatory system
N52.9,1,Genitourinary
W01.198D,1,External causes
S00.83XD,1,Injury
M70.32,1,Musculoskeletal
I20.89,1,Circulatory system
M54.10,1,Musculoskeletal
J81.0,1,Respiratory system
M41.34,1,Musculoskeletal
M80.08XD,1,Musculoskeletal
L05.91,1,Skin diseases
Q05.9,1,Congenital malformations
K90.829,1,Digestive system
T83.9XXD,1,Injury/Poisoning
N11.9,1,Genitourinary
T83.090D,1,Injury/Poisoning
F40.8,1,Mental disorders
K52.89,1,Digestive system
N13.30,1,Genitourinary
N30.20,1,Genitourinary
K80.10,1,Digestive system
M79.5,1,Musculoskeletal
L97.322,1,Skin diseases
L97.412,1,Skin diseases
M10.072,1,Musculoskeletal
L65.9,1,Skin diseases
S86.911D,1,Injury
V58.61,1,External causes
Z90.10,1,Factors influencing health
A41.59,1,Infectious diseases
C14.0,1,Neoplasms
F22,1,Mental disorders
E07.81,1,Endocrine/Metabolic
F43.81,1,Mental disorders
K70.10,1,Digestive system
J15.8,1,Respiratory system
L93.2,1,Skin diseases
R62.50,1,Symptoms/Signs
E87.6FAX,1,Endocrine/Metabolic
E87.0,1,Endocrine/Metabolic
J96.91,1,Respiratory system
D68.2,1,Neoplasms/Blood diseases
L98.439,1,Skin diseases
J12.1,1,Respiratory system
L89.213,1,Skin diseases
R39.9,1,Symptoms/Signs
J95.821,1,Respiratory system
F78.A9,1,Mental disorders
Z98.890,1,Factors influencing health
R47.9,1,Symptoms/Signs
D49.89,1,Neoplasms/Blood diseases
S22.22XD,1,Injury
S12.9XXD,1,Injury
S82.032D,1,Injury
R60.1,1,Symptoms/Signs
E88.09,1,Endocrine/Metabolic
K56.2,1,Digestive system
I65.9,1,Circulatory system
O25.AT,1,Pregnancy
B19,1,Infectious diseases
E61.1,1,Endocrine/Metabolic
M79.672,1,Musculoskeletal
F40.01,1,Mental disorders
M19.072,1,Musculoskeletal
M19.071,1,Musculoskeletal
F40.240,1,Mental disorders
G63,1,Nervous system
M51.34,1,Musculoskeletal
H91.13,1,Eye/Ear
F90.2,1,Mental disorders
E26.9,1,Endocrine/Metabolic
R74.01,1,Symptoms/Signs
D80.1,1,Neoplasms/Blood diseases
G93.1,1,Nervous system
H40.059,1,Eye/Ear
M71.22,1,Musculoskeletal
H52.4,1,Eye/Ear
H52.209,1,Eye/Ear
H52.00,1,Eye/Ear
E11.52,1,Endocrine/Metabolic
A60.00,1,Infectious diseases
F33.8,1,Mental disorders
M16.10,1,Musculoskeletal
B37.89,1,Infectious diseases
T84.114S,1,Injury/Poisoning
S70.02XD,1,Injury
Q21.12,1,Congenital malformations
S41.112A,1,Injury
T58.8X1A,1,Injury/Poisoning
F79,1,Mental disorders
Z91.199,1,Factors influencing health
K62.89,1,Digestive system
C83.10,1,Neoplasms
I45.9,1,Circulatory system
Z85.831,1,Factors influencing health
Z68.1,1,Factors influencing health
M47.819,1,Musculoskeletal
M35.01,1,Musculoskeletal
C71.9,1,Neoplasms
X12,1,External causes
H53.141,1,Eye/Ear
S32.592D,1,Injury
F02.CO,1,Mental disorders
I69.328,1,Circulatory system
S61.412A,1,Injury
L03.114,1,Skin diseases
M47.892,1,Musculoskeletal
X84,1,External causes
X42,1,External causes
Z89.422,1,Factors influencing health
K56.609,1,Digestive system
K65.1,1,Digestive system
Z79.631,1,Factors influencing health
L73.2,1,Skin diseases
N02.B9,1,Genitourinary
N17.0,1,Genitourinary
L03.312,1,Skin diseases
L97.429,1,Skin diseases
S76.111D,1,Injury
K50.119,1,Digestive system
N30.01,1,Genitourinary
M06.09,1,Musculoskeletal
M19.049,1,Musculoskeletal
I87.301,1,Circulatory system
G11.9,1,Nervous system
L89.302,1,Skin diseases
C34.90,1,Neoplasms
T84.84X,1,Injury/Poisoning
T84.51X,1,Injury/Poisoning
F11,1,Mental disorders
Q22,1,Congenital malformations
P23.9,1,Perinatal conditions
S22.070D,1,Injury
H11.31,1,Eye/Ear
S06.6XAD,1,Injury
C84.A9,1,Neoplasms
M41.55,1,Musculoskeletal
S90.415D,1,Injury
Z93.59,1,Factors influencing health
G83.4,1,Nervous system
I73.00,1,Circulatory system
L02.415,1,Skin diseases
T84.51XA,1,Injury/Poisoning
L97.526,1,Skin diseases
E87.5,1,Endocrine/Metabolic
B95.7,1,Infectious diseases
T84.7XXA,1,Injury/Poisoning
T81.49XA,1,Injury/Poisoning
M48.07,1,Musculoskeletal
H54.62,1,Eye/Ear
Q24.W,1,Congenital malformations
Z98.61,1,Factors influencing health
H93.12,1,Eye/Ear
E10.43,1,Endocrine/Metabolic
Z71.2,1,Factors influencing health
O24.H,1,Pregnancy
A52.3,1,Infectious diseases
M21.70,1,Musculoskeletal
T81.49X,1,Injury/Poisoning
M86.28,1,Musculoskeletal
P22.394,1,Perinatal conditions
H10.45,1,Eye/Ear
S42.294D,1,Injury
Z63.4,1,Factors influencing health
S22.088D,1,Injury
S32.018D,1,Injury
S12.110D,1,Injury
A25.NX,1,Infectious diseases
D20,1,Neoplasms/Blood diseases
M10.O,1,Musculoskeletal
F03.B0,1,Mental disorders
L98.492,1,Skin diseases
K30,1,Digestive system
C11,1,Neoplasms
Z33,1,Factors influencing health
H40.1130,1,Eye/Ear
S32.000S,1,Injury
R10.9,1,Symptoms/Signs
L81.4,1,Skin diseases
E21.3,1,Endocrine/Metabolic
F10.91,1,Mental disorders
O71,1,Pregnancy
Z68.45,1,Factors influencing health
G71.00,1,Nervous system
M19.132,1,Musculoskeletal
J09.X2,1,Respiratory system
L97.224,1,Skin diseases
L97.814,1,Skin diseases
C76.52,1,Neoplasms
L02.413,1,Skin diseases
I16.0,1,Circulatory system
M48.8X5,1,Musculoskeletal
L73.9,1,Skin diseases
B02.8,1,Infectious diseases
Z85.72,1,Factors influencing health
E11.649,1,Endocrine/Metabolic
A08.4,1,Infectious diseases
R52,1,Symptoms/Signs
S62.101D,1,Injury
F11.90,1,Mental disorders
A49.02,1,Infectious diseases
T81.41XD,1,Injury/Poisoning
C10.9,1,Neoplasms
L97.222,1,Skin diseases
C24,1,Neoplasms
I71.20,1,Circulatory system
G44.209,1,Nervous system
F17.290,1,Mental disorders
S31.109D,1,Injury
R53.82,1,Symptoms/Signs
C70.0,1,Neoplasms
I69.052,1,Circulatory system
F52.8,1,Mental disorders
M17.4,1,Musculoskeletal
H35.3213,1,Eye/Ear
H54.511A,1,Eye/Ear
M43.24,1,Musculoskeletal
G57.93,1,Nervous system
I95.89,1,Circulatory system
R40.0,1,Symptoms/Signs
W07.XXXD,1,External causes
D69.49,1,Neoplasms/Blood diseases
N50.1,1,Genitourinary
D51.8,1,Neoplasms/Blood diseases
D56.8,1,Neoplasms/Blood diseases
Z94.81,1,Factors influencing health
C92.01,1,Neoplasms
R29.898,1,Symptoms/Signs
M47.818,1,Musculoskeletal
I27.82,1,Circulatory system
D68.61,1,Neoplasms/Blood diseases
K52.832,1,Digestive system
M43.10,1,Musculoskeletal
L89.512,1,Skin diseases
S42.125D,1,Injury
E10.319,1,Endocrine/Metabolic
J69.0,1,Respiratory system
L82.0,1,Skin diseases
F31.70,1,Mental disorders
G44.229,1,Nervous system
F10.97,1,Mental disorders
S46.911D,1,Injury
N95.8,1,Genitourinary
Z89.611,1,Factors influencing health
M18.11,1,Musculoskeletal
W17.TH,1,External causes
S72.041D,1,Injury
I42.1,1,Circulatory system
J16.8,1,Respiratory system
G40.419,1,Nervous system
M18.50,1,Musculoskeletal
K25.4,1,Digestive system
R07.9,1,Symptoms/Signs
H81.313,1,Eye/Ear
G11.2,1,Nervous system
R20.2,1,Symptoms/Signs
M79.641,1,Musculoskeletal
G94.4770,1,Nervous system
M54.89,1,Musculoskeletal
E07.9,1,Endocrine/Metabolic
K56.41,1,Digestive system
F19.20,1,Mental disorders
I50.82,1,Circulatory system
H53.16,1,Eye/Ear
H47.612,1,Eye/Ear
H47.611,1,Eye/Ear
H10.11,1,Eye/Ear
M48.04,1,Musculoskeletal
F98.8,1,Mental disorders
L98.411,1,Skin diseases
B40.3,1,Infectious diseases
R13.13,1,Symptoms/Signs
X20,1,External causes
M25.572,1,Musculoskeletal
S22.080D,1,Injury
H34.8110,1,Eye/Ear
H35.3132,1,Eye/Ear
H40.1132,1,Eye/Ear
S36.039D,1,Injury
S32.302D,1,Injury
L89.812,1,Skin diseases
L89.811,1,Skin diseases
K74.69,1,Digestive system
L60.2,1,Skin diseases
I70.213,1,Circulatory system
R13.14,1,Symptoms/Signs
Z85.40,1,Factors influencing health
S51.012D,1,Injury
K86.81,1,Digestive system
M31.30,1,Musculoskeletal
C20,1,Neoplasms
J47.9,1,Respiratory system
F23,1,Mental disorders
S32.415D,1,Injury
I44.2,1,Circulatory system
H81.11,1,Eye/Ear
C44.219,1,Neoplasms
M62.541,1,Musculoskeletal
R13,1,Symptoms/Signs
M62.531,1,Musculoskeletal
M62.512,1,Musculoskeletal
M62.511,1,Musculoskeletal
M25.50,1,Musculoskeletal
J84.112,1,Respiratory system
O14,1,Pregnancy
A12.0,1,Infectious diseases
H35.3233,1,Eye/Ear
F51.9,1,Mental disorders
M80.052D,1,Musculoskeletal
T83.511D,1,Injury/Poisoning
O57.2762,1,Pregnancy
R23.4,1,Symptoms/Signs
X30.0FT,1,External causes
I82.592,1,Circulatory system
S22.078D,1,Injury
S32.058D,1,Injury
S32.048D,1,Injury
F10.24,1,Mental disorders
G44.009,1,Nervous system
X30.0,1,External causes
M00.9345,1,Musculoskeletal
C84.A0,1,Neoplasms
X12.0,1,External causes
G47.419,1,Nervous system
E56.9,1,Endocrine/Metabolic
L60.0,1,Skin diseases
J06.9,1,Respiratory system
H33.052,1,Eye/Ear
H54.121,1,Eye/Ear
T69,1,Injury/Poisoning
S72.401D,1,Injury
M16.9,1,Musculoskeletal
I69.154,1,Circulatory system
B17.8,1,Infectious diseases
S91.301D,1,Injury
I85.10,1,Circulatory system
X35.0,1,External causes
X15.00,1,External causes
G72.9,1,Nervous system
X25.00,1,External causes
G51.9,1,Nervous system
G80.8,1,Nervous system
S72.302D,1,Injury
I47.20,1,Circulatory system
G28,1,Nervous system
X50,1,External causes
X50.0,1,External causes
I69.228,1,Circulatory system
M79.652,1,Musculoskeletal
M79.605,1,Musculoskeletal
S76.012A,1,Injury
I22.2,1,Circulatory system
S42.032A,1,Injury
S72.145D,1,Injury
I87.319,1,Circulatory system
R47.1,1,Symptoms/Signs
G12.21,1,Nervous system
G56.03,1,Nervous system
L56.5,1,Skin diseases
E33,1,Endocrine/Metabolic
X33.E3,1,External causes
X33,1,External causes
A56,1,Infectious diseases
F58.79,1,Mental disorders
R49.0,1,Symptoms/Signs
F20.0,1,Mental disorders
M25.661,1,Musculoskeletal
S22.050D,1,Injury
I69.954,1,Circulatory system
N99.0,1,Genitourinary
E11.3493,1,Endocrine/Metabolic
O14.7307,1,Pregnancy
G40.109,1,Nervous system
S80.01XS,1,Injury
S92.504S,1,Injury
M25.461,1,Musculoskeletal
F03,1,Mental disorders
Q41.4639,1,Congenital malformations
L53.9,1,Skin diseases
Z92.21,1,Factors influencing health
S72.031K,1,Injury
G70.9,1,Nervous system
R29.3,1,Symptoms/Signs
W90.9S,1,External causes
A48,1,Infectious diseases
P30.409,1,Perinatal conditions
L97.329,1,Skin diseases
P60.84,1,Perinatal conditions
M40.204,1,Musculoskeletal
I08.9,1,Circulatory system
M70.21,1,Musculoskeletal
H00.011,1,Eye/Ear
S91.302D,1,Injury
M13.06,1,Musculoskeletal
M13.02,1,Musculoskeletal
M13.00,1,Musculoskeletal
Z89.412,1,Factors influencing health
R10.13,1,Symptoms/Signs
X14.00,1,External causes
I65.01,1,Circulatory system
I60.50,1,Circulatory system
R55,1,Symptoms/Signs
F17.219,1,Mental disorders
M12.90,1,Musculoskeletal
Z47,1,Factors influencing health
G43.B0,1,Nervous system
H90.0,1,Eye/Ear
Z90.5,1,Factors influencing health
R19.09,1,Symptoms/Signs
I82.409,1,Circulatory system
S90.821D,1,Injury
M80.0B2D,1,Musculoskeletal
X18,1,External causes
B45.5,1,Infectious diseases
S92.502A,1,Injury
J81.1,1,Respiratory system
H52.13,1,Eye/Ear
L85.3,1,Skin diseases
C44.40,1,Neoplasms
G21.4,1,Nervous system
F32.5,1,Mental disorders
M85.822,1,Musculoskeletal
M91.22,1,Musculoskeletal
M91.42,1,Musculoskeletal
S80.02XD,1,Injury
M19.022,1,Musculoskeletal
R04.NW92,1,Symptoms/Signs
D68,1,Neoplasms/Blood diseases
J25,1,Respiratory system
R53,1,Symptoms/Signs
I61.8,1,Circulatory system
Z86.14,1,Factors influencing health
M24.542,1,Musculoskeletal
M24.541,1,Musculoskeletal
K80.80,1,Digestive system
Q28.2,1,Congenital malformations
G40.919,1,Nervous system
S01.81XD,1,Injury
F03.C11,1,Mental disorders
S81.802D,1,Injury
K59.9,1,Digestive system
R22.43,1,Symptoms/Signs
D02.4,1,Neoplasms/Blood diseases
R03.0,1,Symptoms/Signs
A79,1,Infectious diseases
I66.21,1,Circulatory system
I69.315,1,Circulatory system
C78.5,1,Neoplasms
Q12,1,Congenital malformations
H46.9,1,Eye/Ear
L40.0,1,Skin diseases
H49.01,1,Eye/Ear
S70.922D,1,Injury
I95.0,1,Circulatory system
M19.031,1,Musculoskeletal
L97.921,1,Skin diseases
Q62.6112,1,Congenital malformations
K31.5,1,Digestive system
F02.C2,1,Mental disorders
I67.1,1,Circulatory system
G27.6110,1,Nervous system
M45.9,1,Musculoskeletal
R10.31,1,Symptoms/Signs
R56.1,1,Symptoms/Signs
S06.5X1A,1,Injury
F02.A2,1,Mental disorders
F31.81,1,Mental disorders
L89.893,1,Skin diseases
Q04.8,1,Congenital malformations
M88,1,Musculoskeletal
D98,1,Neoplasms/Blood diseases
A89,1,Infectious diseases
Z17.0,1,Factors influencing health
E80.4,1,Endocrine/Metabolic
Z90.11,1,Factors influencing health
C50.211,1,Neoplasms
R05.1,1,Symptoms/Signs
G23.8,1,Nervous system
I63.50,1,Circulatory system
M21.769,1,Musculoskeletal
Z85.840,1,Factors influencing health
S71.101D,1,Injury
S81.001D,1,Injury
H35.3131,1,Eye/Ear
L97.521,1,Skin diseases
F11.24,1,Mental disorders
F12.20,1,Mental disorders
G43,1,Nervous system
N48.89,1,Genitourinary
Y84.8,1,External causes
S91.102D,1,Injury
I30.0,1,Circulatory system
H40.1190,1,Eye/Ear
M25.462,1,Musculoskeletal
Z95.3,1,Factors influencing health
M54,1,Musculoskeletal
R39,1,Symptoms/Signs
N95.2,1,Genitourinary
L25.8,1,Skin diseases
B20.7,1,Infectious diseases
T85.01XD,1,Injury/Poisoning
X60.0,1,External causes
C77.5,1,Neoplasms
G31.01,1,Nervous system
M18.9,1,Musculoskeletal
M25.611,1,Musculoskeletal
S42.291D,1,Injury
M86.671,1,Musculoskeletal
C44.622,1,Neoplasms
H18.6,1,Eye/Ear
M54.5,1,Musculoskeletal
S22.43XD,1,Injury
Z93.6,1,Factors influencing health
N13.2,1,Genitourinary
H51.0,1,Eye/Ear
M35.3,1,Musculoskeletal
S37.011D,1,Injury
G89,1,Nervous system
M06.00,1,Musculoskeletal
M20.41,1,Musculoskeletal
L97.311,1,Skin diseases
M12.811,1,Musculoskeletal
N93.9,1,Genitourinary
L82.1,1,Skin diseases
M41.50,1,Musculoskeletal
M21.761,1,Musculoskeletal
C79.31,1,Neoplasms
K70.11,1,Digestive system
G62.1,1,Nervous system
M20.40,1,Musculoskeletal
T22,1,Injury/Poisoning
K59,1,Digestive system
E26,1,Endocrine/Metabolic
G40.89,1,Nervous system
I63.89,1,Circulatory system
F80.0,1,Mental disorders
I69.820,1,Circulatory system
F01.C0,1,Mental disorders
K51.20,1,Digestive system
E11.3213,1,Endocrine/Metabolic
T81.329D,1,Injury/Poisoning
H81.13,1,Eye/Ear
E87.22,1,Endocrine/Metabolic
M62.542,1,Musculoskeletal
I69.928,1,Circulatory system
S05.8X2D,1,Injury
J45.901,1,Respiratory system
K38.1746,1,Digestive system
M23.51,1,Musculoskeletal
J30.0,1,Respiratory system
K43.5,1,Digestive system
E51.9,1,Endocrine/Metabolic
P02,1,Perinatal conditions
Z90.13,1,Factors influencing health
F31.32,1,Mental disorders
G58.8,1,Nervous system
B28,1,Infectious diseases
Z97.4,1,Factors influencing health
F10.230,1,Mental disorders
Z96.60,1,Factors influencing health
L43.9,1,Skin diseases
K14.6,1,Digestive system
G90.1,1,Nervous system
G90.A,1,Nervous system
Z68.29,1,Factors influencing health
L89.112,1,Skin diseases
G71.01,1,Nervous system
Z43.0,1,Factors influencing health
Z43.1,1,Factors influencing health
T84.020D,1,Injury/Poisoning
K56.50,1,Digestive system
Z96.21,1,Factors influencing health
J32.0,1,Respiratory system
Z11.61,1,Factors influencing health
S52.572A,1,Injury
D69.3,1,Neoplasms/Blood diseases
T07.1,1,Injury/Poisoning
T25,1,Injury/Poisoning
T50.22,1,Injury/Poisoning
T11.0,1,Injury/Poisoning
J90,1,Respiratory system
J96.20,1,Respiratory system
N31.8,1,Genitourinary
E13.40,1,Endocrine/Metabolic
M46.22,1,Musculoskeletal
L89.511,1,Skin diseases
M18.0,1,Musculoskeletal
C34.12,1,Neoplasms
M14.671,1,Musculoskeletal
D48.5,1,Neoplasms/Blood diseases
M46.89,1,Musculoskeletal
I71.43,1,Circulatory system
L12.0,1,Skin diseases
S81.801A,1,Injury
H69.91,1,Eye/Ear
I69.353,1,Circulatory system
L30.1768,1,Skin diseases
I82.403,1,Circulatory system
D63.0,1,Neoplasms/Blood diseases
C73,1,Neoplasms
K55.019,1,Digestive system
E11.36,1,Endocrine/Metabolic
I27.23,1,Circulatory system
L30.4,1,Skin diseases
K86,1,Digestive system
S52.021D,1,Injury
H40.89,1,Eye/Ear
M53.9,1,Musculoskeletal
S71.102D,1,Injury
H50.331,1,Eye/Ear
H52.223,1,Eye/Ear
Q60.N,1,Congenital malformations
K08.89,1,Digestive system
M13.80,1,Musculoskeletal
Z90.2,1,Factors influencing health
C34.32,1,Neoplasms
S42.211,1,Injury
J30.8,1,Respiratory system
G30.8,1,Nervous system
F31.62,1,Mental disorders
P73.0517,1,Perinatal conditions
L89.314,1,Skin diseases
M43.12,1,Musculoskeletal
D75.839,1,Neoplasms/Blood diseases
N26.1,1,Genitourinary
I35.2,1,Circulatory system
K92.0,1,Digestive system
G82.54,1,Nervous system
T70.Y,1,Injury/Poisoning
L97.922,1,Skin diseases
I77.811,1,Circulatory system
L90.0,1,Skin diseases
I83.813,1,Circulatory system
J41.1,1,Respiratory system
M47.813,1,Musculoskeletal
F44.5,1,Mental disorders
I82.411,1,Circulatory system
L97.818,1,Skin diseases
I83.018,1,Circulatory system
J10.1,1,Respiratory system
C44.529,1,Neoplasms
F03.B4,1,Mental disorders
E26.I,1,Endocrine/Metabolic
Z79.811,1,Factors influencing health
C50.919,1,Neoplasms
D52.0,1,Neoplasms/Blood diseases
I44.30,1,Circulatory system
E73.9,1,Endocrine/Metabolic
M97.01XD,1,Musculoskeletal
M72.0,1,Musculoskeletal
Z91.130,1,Factors influencing health
F25.0,1,Mental disorders
M46.4201,1,Musculoskeletal
F01.52,1,Mental disorders
F01.511,1,Mental disorders
Z90.722,1,Factors influencing health
M47.X8,1,Musculoskeletal
M47.X,1,Musculoskeletal
F95,1,Mental disorders
Q13,1,Congenital malformations
V34,1,External causes
F76.94,1,Mental disorders
G74.8,1,Nervous system
X12.5,1,External causes
Z90.01,1,Factors influencing health
D51.0,1,Neoplasms/Blood diseases
S42.442D,1,Injury
S70.12XD,1,Injury
C19,1,Neoplasms
L89.891,1,Skin diseases
I50.43,1,Circulatory system
H16.323,1,Eye/Ear
F42.2,1,Mental disorders
M31.10,1,Musculoskeletal
E27.9,1,Endocrine/Metabolic
D32.0,1,Neoplasms/Blood diseases
G47.23,1,Nervous system
I38,1,Circulatory system
R27.0,1,Symptoms/Signs
S72.402D,1,Injury
S82.401D,1,Injury
Z90.79,1,Factors influencing health
E87.29,1,Endocrine/Metabolic
C67.9,1,Neoplasms
N16,1,Genitourinary
Z43.6,1,Factors influencing health
Z79.624,1,Factors influencing health
